Chamber,annual_flux,hot_sum_99
Ch. 1 (+0 ºC),0.07763994117142153,0.0036600871812017674
Ch. 2 (-0.1 ºC),0.04020617231739919,0.0021848298613362533
Ch. 3 (+0.8 ºC),0.0615250452010241,0.0028498741981538137
Ch. 4 (+1.5 ºC),0.08311551807474397,0.004528624944142742
Ch. 5 (+2.2 ºC),0.06912920320697223,0.0032486754926247946
Ch. 6 (+2.2 ºC),0.10105192288454115,0.006028256855167502
Ch. 7 (+3 ºC),0.1292721198584252,0.009383007537040095
Ch. 8 (+3.3 ºC),0.12845537424042502,0.013563899515799635
Ch. 9 (+4.3 ºC),0.09285730679200858,0.007416594781608288
Ch. 10 (+4.4 ºC),0.17490177679404817,0.012605549030865772
Ch. 11 (+5.1 ºC),0.16029887595814393,0.0111198990141039
Ch. 12 (+5.7 ºC),0.22670091422556582,0.05157831296850528
